Explicit,CN,ADI
0.493029,0.85713,19.3198
0.493962,0.772775,18.8703
0.651118,0.871986,19.9163
0.508817,0.814549,19.0203
0.545494,0.847817,18.414
0.5537,0.830106,18.3717
0.558915,0.896591,19.1383
0.558301,0.819834,18.6689
0.494501,0.811403,20.3785
0.587271,0.832674,19.6683
